circuit,method,run,seed,total_gates,depth,cx_count,runtime_sec,memory_hits,memory_misses,hit_ratio,fidelity
VQE,Cognitive,1,42,520,61,88,0.012391707990900613,107,1,0.9907407407407407,0.7997343981977401
VQE,Qiskit_L3,1,42,628,70,88,0.019069083995418623,0,0,0.0,0.7997343981977401
VQE,Cognitive,2,43,520,61,88,0.010047000003396533,107,1,0.9907407407407407,0.7948052051123207
VQE,Qiskit_L3,2,43,628,70,88,0.007179541004006751,0,0,0.0,0.7948052051123207
VQE,Cognitive,3,44,520,61,88,0.019621250001364388,107,1,0.9907407407407407,0.7928579123909572
VQE,Qiskit_L3,3,44,628,70,88,0.05815104101202451,0,0,0.0,0.7928579123909572
VQE,Cognitive,4,45,520,61,88,0.00804129098833073,107,1,0.9907407407407407,0.8013766053141714
VQE,Qiskit_L3,4,45,628,70,88,0.006279292007093318,0,0,0.0,0.8013766053141714
VQE,Cognitive,5,46,520,61,88,0.010045917006209493,107,1,0.9907407407407407,0.7967500553276637
VQE,Qiskit_L3,5,46,628,70,88,0.006137667005532421,0,0,0.0,0.7967500553276637
VQE,Cognitive,6,47,520,61,88,0.017227083997568116,107,1,0.9907407407407407,0.79272284341092
VQE,Qiskit_L3,6,47,628,70,88,0.010623916998156346,0,0,0.0,0.79272284341092
VQE,Cognitive,7,48,520,61,88,0.014371792000019923,107,1,0.9907407407407407,0.7959909902833046
VQE,Qiskit_L3,7,48,628,70,88,0.023350292001850903,0,0,0.0,0.7959909902833046
VQE,Cognitive,8,49,520,61,88,0.012928915995871648,107,1,0.9907407407407407,0.7716826649817912
VQE,Qiskit_L3,8,49,628,70,88,0.022459041007095948,0,0,0.0,0.7716826649817912
VQE,Cognitive,9,50,520,61,88,0.009625542006688192,107,1,0.9907407407407407,0.7913267043408158
VQE,Qiskit_L3,9,50,628,70,88,0.00612908300536219,0,0,0.0,0.7913267043408158
VQE,Cognitive,10,51,520,61,88,0.0109353750012815,107,1,0.9907407407407407,0.8043355440651634
VQE,Qiskit_L3,10,51,628,70,88,0.005376917004468851,0,0,0.0,0.8043355440651634
VQE,Cognitive,11,52,520,61,88,0.0212654999922961,107,1,0.9907407407407407,0.7908558290970158
VQE,Qiskit_L3,11,52,628,70,88,0.007625084006576799,0,0,0.0,0.7908558290970158
VQE,Cognitive,12,53,520,61,88,0.0064104159973794594,107,1,0.9907407407407407,0.7967805595147535
VQE,Qiskit_L3,12,53,628,70,88,0.009292582995840348,0,0,0.0,0.7967805595147535
VQE,Cognitive,13,54,520,61,88,0.009146124997641891,107,1,0.9907407407407407,0.7931032565167464
VQE,Qiskit_L3,13,54,628,70,88,0.007151708996389061,0,0,0.0,0.7931032565167464
VQE,Cognitive,14,55,520,61,88,0.023673874995438382,107,1,0.9907407407407407,0.7980398976671259
VQE,Qiskit_L3,14,55,628,70,88,0.005696125008398667,0,0,0.0,0.7980398976671259
VQE,Cognitive,15,56,520,61,88,0.01439995899272617,107,1,0.9907407407407407,0.7954239095223579
VQE,Qiskit_L3,15,56,628,70,88,0.008085749999736436,0,0,0.0,0.7954239095223579
VQE,Cognitive,16,57,520,61,88,0.006833415987784974,107,1,0.9907407407407407,0.7927813864635762
VQE,Qiskit_L3,16,57,628,70,88,0.015662042002077214,0,0,0.0,0.7927813864635762
VQE,Cognitive,17,58,520,61,88,0.00792800000635907,107,1,0.9907407407407407,0.7831138753631278
VQE,Qiskit_L3,17,58,628,70,88,0.01340662500297185,0,0,0.0,0.7831138753631278
VQE,Cognitive,18,59,520,61,88,0.00812033299007453,107,1,0.9907407407407407,0.7723054590629621
VQE,Qiskit_L3,18,59,628,70,88,0.006361167004797608,0,0,0.0,0.7723054590629621
VQE,Cognitive,19,60,520,61,88,0.015093499998329207,107,1,0.9907407407407407,0.7946230382839657
VQE,Qiskit_L3,19,60,628,70,88,0.005596375005552545,0,0,0.0,0.7946230382839657
VQE,Cognitive,20,61,520,61,88,0.008227750004152767,107,1,0.9907407407407407,0.7913531349142074
VQE,Qiskit_L3,20,61,628,70,88,0.01365841701044701,0,0,0.0,0.7913531349142074
VQE,Cognitive,21,62,520,61,88,0.006815458997152746,107,1,0.9907407407407407,0.7957995413165835
VQE,Qiskit_L3,21,62,628,70,88,0.014118833001703024,0,0,0.0,0.7957995413165835
VQE,Cognitive,22,63,520,61,88,0.007057416994939558,107,1,0.9907407407407407,0.8047144624454193
VQE,Qiskit_L3,22,63,628,70,88,0.006118959005107172,0,0,0.0,0.8047144624454193
VQE,Cognitive,23,64,520,61,88,0.016239084012340754,107,1,0.9907407407407407,0.8013551970477333
VQE,Qiskit_L3,23,64,628,70,88,0.1047139580041403,0,0,0.0,0.8013551970477333
VQE,Cognitive,24,65,520,61,88,0.0706392499996582,107,1,0.9907407407407407,0.7869902392860495
VQE,Qiskit_L3,24,65,628,70,88,0.01819716699537821,0,0,0.0,0.7869902392860495
VQE,Cognitive,25,66,520,61,88,0.07586479200108442,107,1,0.9907407407407407,0.801808658292225
VQE,Qiskit_L3,25,66,628,70,88,0.03617508300521877,0,0,0.0,0.801808658292225
VQE,Cognitive,26,67,520,61,88,0.0748035830038134,107,1,0.9907407407407407,0.7998455575031189
VQE,Qiskit_L3,26,67,628,70,88,0.12936733300739434,0,0,0.0,0.7998455575031189
VQE,Cognitive,27,68,520,61,88,0.07241325000359211,107,1,0.9907407407407407,0.8020725239762845
VQE,Qiskit_L3,27,68,628,70,88,0.15745358300046064,0,0,0.0,0.8020725239762845
VQE,Cognitive,28,69,520,61,88,0.01121833300567232,107,1,0.9907407407407407,0.7861436572166799
VQE,Qiskit_L3,28,69,628,70,88,0.007804708002367988,0,0,0.0,0.7861436572166799
VQE,Cognitive,29,70,520,61,88,0.011092291999375448,107,1,0.9907407407407407,0.7960911387405805
VQE,Qiskit_L3,29,70,628,70,88,0.009252584000932984,0,0,0.0,0.7960911387405805
VQE,Cognitive,30,71,520,61,88,0.011322999998810701,107,1,0.9907407407407407,0.7865659268680836
VQE,Qiskit_L3,30,71,628,70,88,0.0060848339926451445,0,0,0.0,0.7865659268680836
Random,Cognitive,1,42,465,120,112,0.011962999997194856,33,1,0.9705882352941176,0.5059387443378772
Random,Qiskit_L3,1,42,481,110,96,0.01884033299575094,0,0,0.0,0.49024750842020176
Random,Cognitive,2,43,465,120,112,0.00815175000752788,33,1,0.9705882352941176,0.4932920161294807
Random,Qiskit_L3,2,43,481,110,96,0.0077162079978734255,0,0,0.0,0.4910735575774039
Random,Cognitive,3,44,465,120,112,0.008472417001030408,33,1,0.9705882352941176,0.49904178551398526
Random,Qiskit_L3,3,44,481,110,96,0.007751040990115143,0,0,0.0,0.47108121132856146
Random,Cognitive,4,45,465,120,112,0.021869167001568712,33,1,0.9705882352941176,0.4684251393230273
Random,Qiskit_L3,4,45,481,110,96,0.007847917004255578,0,0,0.0,0.491171932373612
Random,Cognitive,5,46,465,120,112,0.009920416996465065,33,1,0.9705882352941176,0.4555439491291687
Random,Qiskit_L3,5,46,481,110,96,0.009010249996208586,0,0,0.0,0.5017547121264659
Random,Cognitive,6,47,465,120,112,0.008319542001117952,33,1,0.9705882352941176,0.48314920573421044
Random,Qiskit_L3,6,47,481,110,96,0.00764708399947267,0,0,0.0,0.48145825895925093
Random,Cognitive,7,48,465,120,112,0.00871904099767562,33,1,0.9705882352941176,0.49230729133980383
Random,Qiskit_L3,7,48,481,110,96,0.007996584012289532,0,0,0.0,0.5026426568574673
Random,Cognitive,8,49,465,120,112,0.009775667000212707,33,1,0.9705882352941176,0.51378009695587
Random,Qiskit_L3,8,49,481,110,96,0.036999834002926946,0,0,0.0,0.4943365357185493
Random,Cognitive,9,50,465,120,112,0.01194154200493358,33,1,0.9705882352941176,0.480698949294281
Random,Qiskit_L3,9,50,481,110,96,0.025870625002426095,0,0,0.0,0.4721987176319437
Random,Cognitive,10,51,465,120,112,0.014271125008235686,33,1,0.9705882352941176,0.48903849581502157
Random,Qiskit_L3,10,51,481,110,96,0.014438166996114887,0,0,0.0,0.4935965138226154
Random,Cognitive,11,52,465,120,112,0.01129758299794048,33,1,0.9705882352941176,0.47515393263645794
Random,Qiskit_L3,11,52,481,110,96,0.019581625005230308,0,0,0.0,0.505430711882118
Random,Cognitive,12,53,465,120,112,0.015591582996421494,33,1,0.9705882352941176,0.48872006611016505
Random,Qiskit_L3,12,53,481,110,96,0.013330208996194415,0,0,0.0,0.4812248636003246
Random,Cognitive,13,54,465,120,112,0.017243459005840123,33,1,0.9705882352941176,0.44917698400699524
Random,Qiskit_L3,13,54,481,110,96,0.019042583997361362,0,0,0.0,0.5082033206049875
Random,Cognitive,14,55,465,120,112,0.016869583996594884,33,1,0.9705882352941176,0.4903728102705923
Random,Qiskit_L3,14,55,481,110,96,0.02229358300974127,0,0,0.0,0.4767268496491903
Random,Cognitive,15,56,465,120,112,0.04779191600391641,33,1,0.9705882352941176,0.4912105621231055
Random,Qiskit_L3,15,56,481,110,96,0.01040491700405255,0,0,0.0,0.470343869173729
Random,Cognitive,16,57,465,120,112,0.01952862499456387,33,1,0.9705882352941176,0.49485984841838
Random,Qiskit_L3,16,57,481,110,96,0.00789529200119432,0,0,0.0,0.4814364013797326
Random,Cognitive,17,58,465,120,112,0.02786874999583233,33,1,0.9705882352941176,0.4870014305875818
Random,Qiskit_L3,17,58,481,110,96,0.02288966698688455,0,0,0.0,0.46961776489090107
Random,Cognitive,18,59,465,120,112,0.07365374999062624,33,1,0.9705882352941176,0.4553768074514931
Random,Qiskit_L3,18,59,481,110,96,0.019119375006994233,0,0,0.0,0.4698995983313676
Random,Cognitive,19,60,465,120,112,0.01175295899156481,33,1,0.9705882352941176,0.48013076819570977
Random,Qiskit_L3,19,60,481,110,96,0.010571625010925345,0,0,0.0,0.49833339334578874
Random,Cognitive,20,61,465,120,112,0.009979458001907915,33,1,0.9705882352941176,0.508662596635395
Random,Qiskit_L3,20,61,481,110,96,0.018439625011524186,0,0,0.0,0.4924874552663652
Random,Cognitive,21,62,465,120,112,0.02529399999184534,33,1,0.9705882352941176,0.532437505196556
Random,Qiskit_L3,21,62,481,110,96,0.010093208999023773,0,0,0.0,0.5085455485610634
Random,Cognitive,22,63,465,120,112,0.06274395799846388,33,1,0.9705882352941176,0.48028303910521764
Random,Qiskit_L3,22,63,481,110,96,0.015586749999783933,0,0,0.0,0.5020942465938724
Random,Cognitive,23,64,465,120,112,0.02330779099429492,33,1,0.9705882352941176,0.47946758677379314
Random,Qiskit_L3,23,64,481,110,96,0.024915875008446164,0,0,0.0,0.47836952668462523
Random,Cognitive,24,65,465,120,112,0.021239250010694377,33,1,0.9705882352941176,0.5054588693593088
Random,Qiskit_L3,24,65,481,110,96,0.01962824999645818,0,0,0.0,0.4765350970243123
Random,Cognitive,25,66,465,120,112,0.008523333992343396,33,1,0.9705882352941176,0.49270142981601545
Random,Qiskit_L3,25,66,481,110,96,0.01858449999417644,0,0,0.0,0.4628565978510966
Random,Cognitive,26,67,465,120,112,0.011293167000985704,33,1,0.9705882352941176,0.503302027163148
Random,Qiskit_L3,26,67,481,110,96,0.0075107499869773164,0,0,0.0,0.5092575016915212
Random,Cognitive,27,68,465,120,112,0.008552582992706448,33,1,0.9705882352941176,0.49946993166600595
Random,Qiskit_L3,27,68,481,110,96,0.007982208000612445,0,0,0.0,0.47535644452128656
Random,Cognitive,28,69,465,120,112,0.00851416599471122,33,1,0.9705882352941176,0.5272901584195747
Random,Qiskit_L3,28,69,481,110,96,0.015872999996645376,0,0,0.0,0.4924877962340713
Random,Cognitive,29,70,465,120,112,0.00827758300874848,33,1,0.9705882352941176,0.4974625650419779
Random,Qiskit_L3,29,70,481,110,96,0.007562415994470939,0,0,0.0,0.517431859013061
Random,Cognitive,30,71,465,120,112,0.008526833000360057,33,1,0.9705882352941176,0.46280229545219076
Random,Qiskit_L3,30,71,481,110,96,0.007651624997379258,0,0,0.0,0.49517526318805255
